<?xml version='1.0' encoding='UTF-8'?>
<?artifactRepository version='1.1.0'?>
<repository name='Bundle pool' type='org.eclipse.equinox.p2.artifact.repository.simpleRepository' version='1'>
  <properties size='2'>
    <property name='p2.system' value='true'/>
    <property name='p2.timestamp' value='1264799517228'/>
  </properties>
  <mappings size='3'>
    <rule filter='(&amp; (classifier=osgi.bundle))' output='${repoUrl}/plugins/${id}_${version}.jar'/>
    <rule filter='(&amp; (classifier=binary))' output='${repoUrl}/binary/${id}_${version}'/>
    <rule filter='(&amp; (classifier=org.eclipse.update.feature))' output='${repoUrl}/features/${id}_${version}.jar'/>
  </mappings>
  <artifacts size='99'>
    <artifact classifier='osgi.bundle' id='org.eclipse.buckminster.runtime' version='1.1.0.r11055'>
      <properties size='2'>
        <property name='artifact.size' value='40157'/>
        <property name='download.size' value='40157'/>
      </properties>
    </artifact>
    <artifact classifier='osgi.bundle' id='org.eclipse.core.net' version='1.2.100.I20091117-0800'>
      <properties size='2'>
        <property name='artifact.size' value='65519'/>
        <property name='download.size' value='65519'/>
      </properties>
    </artifact>
    <artifact classifier='osgi.bundle' id='org.eclipse.ecf.filetransfer' version='3.0.0.v20091110-0042'>
      <properties size='2'>
        <property name='artifact.size' value='49687'/>
        <property name='download.size' value='49687'/>
      </properties>
    </artifact>
    <artifact classifier='osgi.bundle' id='org.eclipse.pde.build' version='3.6.0.v20091204'>
      <properties size='2'>
        <property name='artifact.size' value='491033'/>
        <property name='download.size' value='491033'/>
      </properties>
      <repositoryProperties size='1'>
        <property name='artifact.folder' value='true'/>
      </repositoryProperties>
    </artifact>
    <artifact classifier='osgi.bundle' id='org.eclipse.core.jobs' version='3.5.0.v20091125-1620'>
      <properties size='2'>
        <property name='artifact.size' value='83049'/>
        <property name='download.size' value='83049'/>
      </properties>
    </artifact>
    <artifact classifier='osgi.bundle' id='org.eclipse.equinox.p2.touchpoint.eclipse' version='1.0.200.v20091019'>
      <properties size='2'>
        <property name='artifact.size' value='108127'/>
        <property name='download.size' value='108127'/>
      </properties>
    </artifact>
    <artifact classifier='osgi.bundle' id='org.eclipse.buckminster.fetcher' version='1.0.0.r11055'>
      <properties size='2'>
        <property name='artifact.size' value='19106'/>
        <property name='download.size' value='19106'/>
      </properties>
    </artifact>
    <artifact classifier='osgi.bundle' id='org.eclipse.team.cvs.ssh2' version='3.2.200.I20090508-2000'>
      <properties size='2'>
        <property name='artifact.size' value='25655'/>
        <property name='download.size' value='25655'/>
      </properties>
    </artifact>
    <artifact classifier='osgi.bundle' id='org.eclipse.buckminster.cvs' version='1.0.360.r11055'>
      <properties size='2'>
        <property name='artifact.size' value='45778'/>
        <property name='download.size' value='45778'/>
      </properties>
    </artifact>
    <artifact classifier='osgi.bundle' id='org.eclipse.equinox.frameworkadmin.equinox' version='1.0.200.v20091019'>
      <properties size='2'>
        <property name='artifact.size' value='61957'/>
        <property name='download.size' value='61957'/>
      </properties>
    </artifact>
    <artifact classifier='osgi.bundle' id='org.eclipse.buckminster.core' version='1.1.360.r11059'>
      <properties size='2'>
        <property name='artifact.size' value='1084817'/>
        <property name='download.size' value='1084817'/>
      </properties>
    </artifact>
    <artifact classifier='osgi.bundle' id='org.eclipse.jdt.launching' version='3.5.100.v20091203'>
      <properties size='2'>
        <property name='artifact.size' value='292250'/>
        <property name='download.size' value='292250'/>
      </properties>
    </artifact>
    <artifact classifier='osgi.bundle' id='org.eclipse.equinox.p2.core' version='1.1.0.v20091027-0948'>
      <properties size='2'>
        <property name='artifact.size' value='60527'/>
        <property name='download.size' value='60527'/>
      </properties>
    </artifact>
    <artifact classifier='osgi.bundle' id='org.eclipse.equinox.simpleconfigurator.manipulator' version='1.0.200.v20090911-1356'>
      <properties size='2'>
        <property name='artifact.size' value='21430'/>
        <property name='download.size' value='21430'/>
      </properties>
    </artifact>
    <artifact classifier='osgi.bundle' id='org.hamcrest.core' version='1.1.0.v20090501071000'>
      <properties size='2'>
        <property name='artifact.size' value='26650'/>
        <property name='download.size' value='26650'/>
      </properties>
    </artifact>
    <artifact classifier='osgi.bundle' id='org.apache.commons.logging' version='1.0.4.v200904062259'>
      <properties size='2'>
        <property name='artifact.size' value='44210'/>
        <property name='download.size' value='45390'/>
      </properties>
    </artifact>
    <artifact classifier='osgi.bundle' id='org.eclipse.team.cvs.core' version='3.3.200.I20091124-0800'>
      <properties size='2'>
        <property name='artifact.size' value='578330'/>
        <property name='download.size' value='578330'/>
      </properties>
    </artifact>
    <artifact classifier='osgi.bundle' id='org.eclipse.pde.junit.runtime' version='3.4.100.v20091127'>
      <properties size='2'>
        <property name='artifact.size' value='17277'/>
        <property name='download.size' value='17277'/>
      </properties>
    </artifact>
    <artifact classifier='osgi.bundle' id='org.eclipse.ecf.provider.filetransfer' version='3.0.1.v20091110-0042'>
      <properties size='2'>
        <property name='artifact.size' value='122697'/>
        <property name='download.size' value='122697'/>
      </properties>
    </artifact>
    <artifact classifier='osgi.bundle' id='org.eclipse.ecf.provider.filetransfer.httpclient.ssl' version='1.0.0.v20091110-0042'>
      <properties size='2'>
        <property name='artifact.size' value='16731'/>
        <property name='download.size' value='16731'/>
      </properties>
    </artifact>
    <artifact classifier='osgi.bundle' id='org.eclipse.equinox.p2.publisher' version='1.1.0.v20091019'>
      <properties size='2'>
        <property name='artifact.size' value='268968'/>
        <property name='download.size' value='268968'/>
      </properties>
    </artifact>
    <artifact classifier='osgi.bundle' id='org.eclipse.text' version='3.5.0.v20091207-1800'>
      <properties size='2'>
        <property name='artifact.size' value='246861'/>
        <property name='download.size' value='246861'/>
      </properties>
    </artifact>
    <artifact classifier='osgi.bundle' id='org.eclipse.equinox.launcher' version='1.1.0.v20091116'>
      <properties size='2'>
        <property name='artifact.size' value='46551'/>
        <property name='download.size' value='46551'/>
      </properties>
    </artifact>
    <artifact classifier='osgi.bundle' id='org.eclipse.equinox.p2.console' version='1.0.100.v20091010'>
      <properties size='2'>
        <property name='artifact.size' value='19823'/>
        <property name='download.size' value='19823'/>
      </properties>
    </artifact>
    <artifact classifier='osgi.bundle' id='org.eclipse.buckminster.junit' version='1.0.0.r11055'>
      <properties size='2'>
        <property name='artifact.size' value='18881'/>
        <property name='download.size' value='18881'/>
      </properties>
    </artifact>
    <artifact classifier='osgi.bundle' id='org.eclipse.equinox.registry' version='3.5.0.v20091203'>
      <properties size='2'>
        <property name='artifact.size' value='182451'/>
        <property name='download.size' value='182451'/>
      </properties>
    </artifact>
    <artifact classifier='osgi.bundle' id='org.eclipse.buckminster.osgi.filter' version='1.0.0.r10619'>
      <properties size='2'>
        <property name='artifact.size' value='34380'/>
        <property name='download.size' value='34380'/>
      </properties>
    </artifact>
    <artifact classifier='osgi.bundle' id='org.apache.commons.httpclient' version='3.1.0.v20080605-1935'>
      <properties size='2'>
        <property name='artifact.size' value='320150'/>
        <property name='download.size' value='321336'/>
      </properties>
      <repositoryProperties size='1'>
        <property name='artifact.folder' value='true'/>
      </repositoryProperties>
    </artifact>
    <artifact classifier='osgi.bundle' id='org.sat4j.core' version='2.1.1.v20090825'>
      <properties size='2'>
        <property name='artifact.size' value='180634'/>
        <property name='download.size' value='180634'/>
      </properties>
    </artifact>
    <artifact classifier='osgi.bundle' id='org.eclipse.buckminster.generic' version='1.0.0.r11055'>
      <properties size='2'>
        <property name='artifact.size' value='30092'/>
        <property name='download.size' value='30092'/>
      </properties>
    </artifact>
    <artifact classifier='osgi.bundle' id='org.eclipse.equinox.p2.touchpoint.natives' version='1.0.200.v20091019'>
      <properties size='2'>
        <property name='artifact.size' value='47594'/>
        <property name='download.size' value='47594'/>
      </properties>
    </artifact>
    <artifact classifier='osgi.bundle' id='org.eclipse.buckminster.jarprocessor' version='1.0.0.r10579'>
      <properties size='2'>
        <property name='artifact.size' value='31822'/>
        <property name='download.size' value='31822'/>
      </properties>
    </artifact>
    <artifact classifier='osgi.bundle' id='org.eclipse.update.core.linux' version='3.2.100.v20081008'>
      <properties size='2'>
        <property name='artifact.size' value='7095'/>
        <property name='download.size' value='7095'/>
      </properties>
    </artifact>
    <artifact classifier='osgi.bundle' id='org.eclipse.ecf.ssl' version='1.0.0.v20091110-0042'>
      <properties size='2'>
        <property name='artifact.size' value='11557'/>
        <property name='download.size' value='11557'/>
      </properties>
    </artifact>
    <artifact classifier='osgi.bundle' id='org.eclipse.core.net.linux.x86' version='1.1.0.I20081021'>
      <properties size='2'>
        <property name='artifact.size' value='35566'/>
        <property name='download.size' value='35566'/>
      </properties>
    </artifact>
    <artifact classifier='osgi.bundle' id='org.eclipse.buckminster.ant' version='1.1.360.r11055'>
      <properties size='2'>
        <property name='artifact.size' value='78353'/>
        <property name='download.size' value='78353'/>
      </properties>
      <repositoryProperties size='1'>
        <property name='artifact.folder' value='true'/>
      </repositoryProperties>
    </artifact>
    <artifact classifier='osgi.bundle' id='org.sat4j.pb' version='2.1.1.v20090825'>
      <properties size='2'>
        <property name='artifact.size' value='110804'/>
        <property name='download.size' value='110804'/>
      </properties>
    </artifact>
    <artifact classifier='osgi.bundle' id='org.eclipse.jdt.junit.runtime' version='3.4.200.v20091207-1800'>
      <properties size='2'>
        <property name='artifact.size' value='52176'/>
        <property name='download.size' value='52176'/>
      </properties>
    </artifact>
    <artifact classifier='osgi.bundle' id='org.eclipse.equinox.app' version='1.2.100.v20091203'>
      <properties size='2'>
        <property name='artifact.size' value='83050'/>
        <property name='download.size' value='83050'/>
      </properties>
    </artifact>
    <artifact classifier='osgi.bundle' id='org.eclipse.ecf.identity' version='3.0.0.v20091110-0042'>
      <properties size='2'>
        <property name='artifact.size' value='55288'/>
        <property name='download.size' value='55288'/>
      </properties>
    </artifact>
    <artifact classifier='osgi.bundle' id='org.eclipse.jsch.core' version='1.1.100.I20090825-0800'>
      <properties size='2'>
        <property name='artifact.size' value='34151'/>
        <property name='download.size' value='34151'/>
      </properties>
    </artifact>
    <artifact classifier='osgi.bundle' id='org.eclipse.equinox.p2.updatesite' version='1.0.100.v20091204'>
      <properties size='2'>
        <property name='artifact.size' value='68338'/>
        <property name='download.size' value='68338'/>
      </properties>
    </artifact>
    <artifact classifier='osgi.bundle' id='org.eclipse.buckminster.sax' version='1.0.0.r11055'>
      <properties size='2'>
        <property name='artifact.size' value='27477'/>
        <property name='download.size' value='27477'/>
      </properties>
    </artifact>
    <artifact classifier='osgi.bundle' id='org.eclipse.core.runtime.compatibility.registry' version='3.3.0.v20091116'>
      <properties size='2'>
        <property name='artifact.size' value='12665'/>
        <property name='download.size' value='12787'/>
      </properties>
      <repositoryProperties size='1'>
        <property name='artifact.folder' value='true'/>
      </repositoryProperties>
    </artifact>
    <artifact classifier='osgi.bundle' id='org.eclipse.pde.core' version='3.5.100.v20091210'>
      <properties size='2'>
        <property name='artifact.size' value='1074477'/>
        <property name='download.size' value='1074477'/>
      </properties>
    </artifact>
    <artifact classifier='osgi.bundle' id='org.eclipse.jdt.junit4.runtime' version='1.1.100.v20091207-1800'>
      <properties size='2'>
        <property name='artifact.size' value='17579'/>
        <property name='download.size' value='17579'/>
      </properties>
    </artifact>
    <artifact classifier='osgi.bundle' id='org.eclipse.update.configurator' version='3.3.100.v20090813'>
      <properties size='2'>
        <property name='artifact.size' value='98386'/>
        <property name='download.size' value='98386'/>
      </properties>
    </artifact>
    <artifact classifier='osgi.bundle' id='org.eclipse.core.filesystem' version='1.3.0.v20091209-1150'>
      <properties size='2'>
        <property name='artifact.size' value='46049'/>
        <property name='download.size' value='46049'/>
      </properties>
    </artifact>
    <artifact classifier='osgi.bundle' id='org.eclipse.core.filebuffers' version='3.5.100.v20091207-1800'>
      <properties size='2'>
        <property name='artifact.size' value='113677'/>
        <property name='download.size' value='113677'/>
      </properties>
    </artifact>
    <artifact classifier='osgi.bundle' id='org.eclipse.equinox.simpleconfigurator' version='1.0.200.v20090831'>
      <properties size='2'>
        <property name='artifact.size' value='37610'/>
        <property name='download.size' value='37610'/>
      </properties>
    </artifact>
    <artifact classifier='osgi.bundle' id='org.eclipse.buckminster.installer' version='1.0.360.r11055'>
      <properties size='2'>
        <property name='artifact.size' value='17826'/>
        <property name='download.size' value='17826'/>
      </properties>
    </artifact>
    <artifact classifier='osgi.bundle' id='org.eclipse.equinox.p2.garbagecollector' version='1.0.100.v20090831'>
      <properties size='2'>
        <property name='artifact.size' value='21517'/>
        <property name='download.size' value='21517'/>
      </properties>
    </artifact>
    <artifact classifier='osgi.bundle' id='org.eclipse.buckminster.executor' version='1.0.0.r11055'>
      <properties size='2'>
        <property name='artifact.size' value='15419'/>
        <property name='download.size' value='15419'/>
      </properties>
    </artifact>
    <artifact classifier='osgi.bundle' id='org.eclipse.jdt.junit.core' version='3.6.0.v20091207-1800'>
      <properties size='2'>
        <property name='artifact.size' value='142021'/>
        <property name='download.size' value='142021'/>
      </properties>
    </artifact>
    <artifact classifier='osgi.bundle' id='org.eclipse.ecf.provider.filetransfer.httpclient' version='3.0.1.v20091110-0042'>
      <properties size='2'>
        <property name='artifact.size' value='66765'/>
        <property name='download.size' value='66765'/>
      </properties>
    </artifact>
    <artifact classifier='osgi.bundle' id='org.eclipse.equinox.p2.metadata' version='1.0.100.v20091019'>
      <properties size='2'>
        <property name='artifact.size' value='131251'/>
        <property name='download.size' value='131251'/>
      </properties>
    </artifact>
    <artifact classifier='osgi.bundle' id='com.ibm.icu.base' version='4.0.1.v20090822'>
      <properties size='2'>
        <property name='artifact.size' value='69535'/>
        <property name='download.size' value='69535'/>
      </properties>
    </artifact>
    <artifact classifier='osgi.bundle' id='org.eclipse.equinox.p2.director.app' version='1.0.100.v20091116'>
      <properties size='2'>
        <property name='artifact.size' value='48501'/>
        <property name='download.size' value='48501'/>
      </properties>
    </artifact>
    <artifact classifier='osgi.bundle' id='org.eclipse.update.core' version='3.2.300.v20090525'>
      <properties size='2'>
        <property name='artifact.size' value='594277'/>
        <property name='download.size' value='594277'/>
      </properties>
    </artifact>
    <artifact classifier='osgi.bundle' id='org.apache.commons.codec' version='1.3.0.v20080530-1600'>
      <properties size='2'>
        <property name='artifact.size' value='53772'/>
        <property name='download.size' value='53772'/>
      </properties>
      <repositoryProperties size='1'>
        <property name='artifact.folder' value='true'/>
      </repositoryProperties>
    </artifact>
    <artifact classifier='osgi.bundle' id='org.eclipse.ant.core' version='3.2.200.v20091118'>
      <properties size='2'>
        <property name='artifact.size' value='97443'/>
        <property name='download.size' value='97443'/>
      </properties>
    </artifact>
    <artifact classifier='osgi.bundle' id='org.eclipse.core.contenttype' version='3.4.100.v20091109'>
      <properties size='2'>
        <property name='artifact.size' value='91392'/>
        <property name='download.size' value='91392'/>
      </properties>
    </artifact>
    <artifact classifier='osgi.bundle' id='org.eclipse.core.filesystem.linux.x86' version='1.3.0.v20091202-0950'>
      <properties size='2'>
        <property name='artifact.size' value='10144'/>
        <property name='download.size' value='10144'/>
      </properties>
    </artifact>
    <artifact classifier='osgi.bundle' id='org.eclipse.core.expressions' version='3.4.100.v20091203'>
      <properties size='2'>
        <property name='artifact.size' value='86931'/>
        <property name='download.size' value='86931'/>
      </properties>
    </artifact>
    <artifact classifier='osgi.bundle' id='org.eclipse.buckminster.cmdline' version='1.0.350.r11055'>
      <properties size='2'>
        <property name='artifact.size' value='48982'/>
        <property name='download.size' value='48982'/>
      </properties>
    </artifact>
    <artifact classifier='osgi.bundle' id='org.eclipse.jdt.debug' version='3.6.0.v20091207'>
      <properties size='2'>
        <property name='artifact.size' value='808335'/>
        <property name='download.size' value='808489'/>
      </properties>
      <repositoryProperties size='1'>
        <property name='artifact.folder' value='true'/>
      </repositoryProperties>
    </artifact>
    <artifact classifier='osgi.bundle' id='org.eclipse.team.core' version='3.5.0.I20091209-0800'>
      <properties size='2'>
        <property name='artifact.size' value='386219'/>
        <property name='download.size' value='386219'/>
      </properties>
    </artifact>
    <artifact classifier='osgi.bundle' id='org.junit4' version='4.7.0.v20091207'>
      <properties size='2'>
        <property name='artifact.size' value='1963'/>
        <property name='download.size' value='1963'/>
      </properties>
      <repositoryProperties size='1'>
        <property name='artifact.folder' value='true'/>
      </repositoryProperties>
    </artifact>
    <artifact classifier='osgi.bundle' id='org.eclipse.equinox.p2.metadata.repository' version='1.0.100.v20091023'>
      <properties size='2'>
        <property name='artifact.size' value='128979'/>
        <property name='download.size' value='128979'/>
      </properties>
    </artifact>
    <artifact classifier='osgi.bundle' id='org.eclipse.equinox.p2.repository' version='1.0.0.v20091010'>
      <properties size='2'>
        <property name='artifact.size' value='114739'/>
        <property name='download.size' value='114739'/>
      </properties>
    </artifact>
    <artifact classifier='osgi.bundle' id='org.eclipse.debug.core' version='3.6.0.v20091130'>
      <properties size='2'>
        <property name='artifact.size' value='339244'/>
        <property name='download.size' value='339244'/>
      </properties>
    </artifact>
    <artifact classifier='osgi.bundle' id='org.apache.ant' version='1.7.1.v20090120-1145'>
      <properties size='2'>
        <property name='artifact.size' value='2010938'/>
        <property name='download.size' value='2012002'/>
      </properties>
      <repositoryProperties size='1'>
        <property name='artifact.folder' value='true'/>
      </repositoryProperties>
    </artifact>
    <artifact classifier='osgi.bundle' id='com.jcraft.jsch' version='0.1.41.v200903070017'>
      <properties size='2'>
        <property name='artifact.size' value='225576'/>
        <property name='download.size' value='225576'/>
      </properties>
    </artifact>
    <artifact classifier='osgi.bundle' id='org.eclipse.buckminster.pde' version='1.1.360.r11055'>
      <properties size='2'>
        <property name='artifact.size' value='319337'/>
        <property name='download.size' value='319337'/>
      </properties>
      <repositoryProperties size='1'>
        <property name='artifact.folder' value='true'/>
      </repositoryProperties>
    </artifact>
    <artifact classifier='osgi.bundle' id='org.eclipse.equinox.p2.engine' version='1.1.0.v20091109'>
      <properties size='2'>
        <property name='artifact.size' value='163431'/>
        <property name='download.size' value='163431'/>
      </properties>
    </artifact>
    <artifact classifier='osgi.bundle' id='org.eclipse.osgi' version='3.6.0.v20091204'>
      <properties size='2'>
        <property name='artifact.size' value='1138426'/>
        <property name='download.size' value='1138426'/>
      </properties>
    </artifact>
    <artifact classifier='osgi.bundle' id='org.eclipse.core.runtime.compatibility' version='3.2.0.v20090413'>
      <properties size='2'>
        <property name='artifact.size' value='91565'/>
        <property name='download.size' value='91565'/>
      </properties>
    </artifact>
    <artifact classifier='osgi.bundle' id='org.eclipse.buckminster.jdt' version='1.0.0.r11055'>
      <properties size='2'>
        <property name='artifact.size' value='43773'/>
        <property name='download.size' value='43773'/>
      </properties>
      <repositoryProperties size='1'>
        <property name='artifact.folder' value='true'/>
      </repositoryProperties>
    </artifact>
    <artifact classifier='osgi.bundle' id='org.junit' version='4.7.0.v20091118-1515'>
      <properties size='2'>
        <property name='artifact.size' value='194733'/>
        <property name='download.size' value='194873'/>
      </properties>
      <repositoryProperties size='1'>
        <property name='artifact.folder' value='true'/>
      </repositoryProperties>
    </artifact>
    <artifact classifier='osgi.bundle' id='org.eclipse.equinox.frameworkadmin' version='1.0.200.v20091019'>
      <properties size='2'>
        <property name='artifact.size' value='34877'/>
        <property name='download.size' value='34877'/>
      </properties>
    </artifact>
    <artifact classifier='osgi.bundle' id='org.eclipse.core.commands' version='3.5.0.I20090525-2000'>
      <properties size='2'>
        <property name='artifact.size' value='105796'/>
        <property name='download.size' value='105796'/>
      </properties>
    </artifact>
    <artifact classifier='osgi.bundle' id='org.eclipse.core.resources' version='3.6.0.v20091210'>
      <properties size='2'>
        <property name='artifact.size' value='737927'/>
        <property name='download.size' value='737927'/>
      </properties>
    </artifact>
    <artifact classifier='osgi.bundle' id='org.eclipse.buckminster.download' version='1.1.0.r11055'>
      <properties size='2'>
        <property name='artifact.size' value='46515'/>
        <property name='download.size' value='46515'/>
      </properties>
    </artifact>
    <artifact classifier='osgi.bundle' id='org.eclipse.osgi.services' version='3.2.0.v20090520-1800'>
      <properties size='2'>
        <property name='artifact.size' value='66065'/>
        <property name='download.size' value='66065'/>
      </properties>
    </artifact>
    <artifact classifier='osgi.bundle' id='org.eclipse.equinox.launcher.gtk.linux.x86' version='1.1.0.v20091116'>
      <properties size='2'>
        <property name='artifact.size' value='62152'/>
        <property name='download.size' value='62152'/>
      </properties>
      <repositoryProperties size='1'>
        <property name='artifact.folder' value='true'/>
      </repositoryProperties>
    </artifact>
    <artifact classifier='osgi.bundle' id='org.eclipse.buckminster.opml' version='1.0.0.r11055'>
      <properties size='2'>
        <property name='artifact.size' value='37526'/>
        <property name='download.size' value='37526'/>
      </properties>
    </artifact>
    <artifact classifier='osgi.bundle' id='org.eclipse.core.runtime' version='3.6.0.v20091204'>
      <properties size='2'>
        <property name='artifact.size' value='70895'/>
        <property name='download.size' value='70895'/>
      </properties>
    </artifact>
    <artifact classifier='osgi.bundle' id='org.eclipse.pde.launching' version='3.6.0.v20091203'>
      <properties size='2'>
        <property name='artifact.size' value='106099'/>
        <property name='download.size' value='106099'/>
      </properties>
    </artifact>
    <artifact classifier='osgi.bundle' id='org.eclipse.core.variables' version='3.2.300.v20090911'>
      <properties size='2'>
        <property name='artifact.size' value='31776'/>
        <property name='download.size' value='31776'/>
      </properties>
    </artifact>
    <artifact classifier='osgi.bundle' id='org.eclipse.equinox.p2.jarprocessor' version='1.0.200.v20091005'>
      <properties size='2'>
        <property name='artifact.size' value='66819'/>
        <property name='download.size' value='66819'/>
      </properties>
    </artifact>
    <artifact classifier='osgi.bundle' id='org.eclipse.equinox.preferences' version='3.3.0.v20091203'>
      <properties size='2'>
        <property name='artifact.size' value='110153'/>
        <property name='download.size' value='110153'/>
      </properties>
    </artifact>
    <artifact classifier='osgi.bundle' id='org.eclipse.equinox.security' version='1.0.200.v20090928'>
      <properties size='2'>
        <property name='artifact.size' value='105915'/>
        <property name='download.size' value='105915'/>
      </properties>
    </artifact>
    <artifact classifier='osgi.bundle' id='org.eclipse.ecf.provider.filetransfer.ssl' version='1.0.0.v20091110-0042'>
      <properties size='2'>
        <property name='artifact.size' value='8464'/>
        <property name='download.size' value='8464'/>
      </properties>
    </artifact>
    <artifact classifier='osgi.bundle' id='org.eclipse.equinox.p2.exemplarysetup' version='1.0.100.v20091023'>
      <properties size='2'>
        <property name='artifact.size' value='10017'/>
        <property name='download.size' value='10017'/>
      </properties>
    </artifact>
    <artifact classifier='osgi.bundle' id='org.eclipse.equinox.p2.artifact.repository' version='1.0.100.v20091023'>
      <properties size='2'>
        <property name='artifact.size' value='160548'/>
        <property name='download.size' value='160548'/>
      </properties>
    </artifact>
    <artifact classifier='osgi.bundle' id='org.eclipse.jdt.core' version='3.6.0.v_A27'>
      <properties size='2'>
        <property name='artifact.size' value='4492054'/>
        <property name='download.size' value='4492054'/>
      </properties>
    </artifact>
    <artifact classifier='osgi.bundle' id='org.eclipse.ecf' version='3.0.0.v20091110-0042'>
      <properties size='2'>
        <property name='artifact.size' value='89401'/>
        <property name='download.size' value='89401'/>
      </properties>
    </artifact>
    <artifact classifier='osgi.bundle' id='org.eclipse.equinox.common' version='3.6.0.v20091203'>
      <properties size='2'>
        <property name='artifact.size' value='101886'/>
        <property name='download.size' value='101886'/>
      </properties>
    </artifact>
    <artifact classifier='osgi.bundle' id='org.eclipse.equinox.p2.director' version='1.0.100.v20091023'>
      <properties size='2'>
        <property name='artifact.size' value='91633'/>
        <property name='download.size' value='91633'/>
      </properties>
    </artifact>
  </artifacts>
</repository>
