<?xml version='1.0' encoding='UTF-8'?>
<?artifactRepository version='1.1.0'?>
<repository name='Bundle pool' type='org.eclipse.equinox.p2.artifact.repository.simpleRepository' version='1'>
  <properties size='2'>
    <property name='p2.system' value='true'/>
    <property name='p2.timestamp' value='1266063997948'/>
  </properties>
  <mappings size='3'>
    <rule filter='(&amp; (classifier=osgi.bundle))' output='${repoUrl}/plugins/${id}_${version}.jar'/>
    <rule filter='(&amp; (classifier=binary))' output='${repoUrl}/binary/${id}_${version}'/>
    <rule filter='(&amp; (classifier=org.eclipse.update.feature))' output='${repoUrl}/features/${id}_${version}.jar'/>
  </mappings>
  <artifacts size='98'>
    <artifact classifier='osgi.bundle' id='org.eclipse.buckminster.core' version='1.2.360.r11212'>
      <properties size='2'>
        <property name='artifact.size' value='1042670'/>
        <property name='download.size' value='1042670'/>
      </properties>
    </artifact>
    <artifact classifier='osgi.bundle' id='org.eclipse.buckminster.download' version='1.1.0.r11210'>
      <properties size='2'>
        <property name='artifact.size' value='46214'/>
        <property name='download.size' value='46214'/>
      </properties>
    </artifact>
    <artifact classifier='osgi.bundle' id='org.eclipse.jdt.debug' version='3.6.0.v20100208'>
      <properties size='2'>
        <property name='artifact.size' value='809115'/>
        <property name='download.size' value='809269'/>
      </properties>
      <repositoryProperties size='1'>
        <property name='artifact.folder' value='true'/>
      </repositoryProperties>
    </artifact>
    <artifact classifier='osgi.bundle' id='org.eclipse.core.net' version='1.2.100.I20091117-0800'>
      <properties size='2'>
        <property name='artifact.size' value='65519'/>
        <property name='download.size' value='65519'/>
      </properties>
    </artifact>
    <artifact classifier='osgi.bundle' id='org.eclipse.jdt.junit.runtime' version='3.4.200.v20100209-0800'>
      <properties size='2'>
        <property name='artifact.size' value='52173'/>
        <property name='download.size' value='52173'/>
      </properties>
    </artifact>
    <artifact classifier='osgi.bundle' id='org.eclipse.core.filesystem' version='1.3.0.v20100121'>
      <properties size='2'>
        <property name='artifact.size' value='52214'/>
        <property name='download.size' value='52214'/>
      </properties>
    </artifact>
    <artifact classifier='osgi.bundle' id='org.eclipse.equinox.util' version='1.0.100.v20090520-1800'>
      <properties size='2'>
        <property name='artifact.size' value='75578'/>
        <property name='download.size' value='75578'/>
      </properties>
    </artifact>
    <artifact classifier='osgi.bundle' id='org.eclipse.equinox.p2.touchpoint.natives' version='1.0.200.v20100208'>
      <properties size='2'>
        <property name='artifact.size' value='48817'/>
        <property name='download.size' value='48817'/>
      </properties>
    </artifact>
    <artifact classifier='osgi.bundle' id='org.eclipse.equinox.simpleconfigurator' version='1.0.200.v20100123-1019'>
      <properties size='2'>
        <property name='artifact.size' value='38807'/>
        <property name='download.size' value='38807'/>
      </properties>
    </artifact>
    <artifact classifier='osgi.bundle' id='org.eclipse.team.cvs.core' version='3.3.200.I20100202-0800'>
      <properties size='2'>
        <property name='artifact.size' value='578354'/>
        <property name='download.size' value='578354'/>
      </properties>
    </artifact>
    <artifact classifier='osgi.bundle' id='com.ibm.icu.base' version='4.2.1.v20100112'>
      <properties size='2'>
        <property name='artifact.size' value='70718'/>
        <property name='download.size' value='70718'/>
      </properties>
    </artifact>
    <artifact classifier='osgi.bundle' id='org.eclipse.team.cvs.ssh2' version='3.2.200.I20090508-2000'>
      <properties size='2'>
        <property name='artifact.size' value='25655'/>
        <property name='download.size' value='25655'/>
      </properties>
    </artifact>
    <artifact classifier='osgi.bundle' id='org.eclipse.pde.core' version='3.6.0.v20100208-2040'>
      <properties size='2'>
        <property name='artifact.size' value='1112432'/>
        <property name='download.size' value='1112432'/>
      </properties>
    </artifact>
    <artifact classifier='osgi.bundle' id='org.eclipse.equinox.p2.jarprocessor' version='1.0.200.v20100123-1019'>
      <properties size='2'>
        <property name='artifact.size' value='66938'/>
        <property name='download.size' value='66938'/>
      </properties>
    </artifact>
    <artifact classifier='osgi.bundle' id='org.apache.commons.codec' version='1.3.0.v20100106-1700'>
      <properties size='2'>
        <property name='artifact.size' value='55001'/>
        <property name='download.size' value='55001'/>
      </properties>
      <repositoryProperties size='1'>
        <property name='artifact.folder' value='true'/>
      </repositoryProperties>
    </artifact>
    <artifact classifier='osgi.bundle' id='org.eclipse.buckminster.sax' version='1.0.0.r11210'>
      <properties size='2'>
        <property name='artifact.size' value='27320'/>
        <property name='download.size' value='27320'/>
      </properties>
    </artifact>
    <artifact classifier='osgi.bundle' id='org.hamcrest.core' version='1.1.0.v20090501071000'>
      <properties size='2'>
        <property name='artifact.size' value='26650'/>
        <property name='download.size' value='26650'/>
      </properties>
    </artifact>
    <artifact classifier='osgi.bundle' id='org.eclipse.equinox.p2.metadata.repository' version='1.1.0.v20100208'>
      <properties size='2'>
        <property name='artifact.size' value='112132'/>
        <property name='download.size' value='112132'/>
      </properties>
    </artifact>
    <artifact classifier='osgi.bundle' id='org.apache.commons.logging' version='1.0.4.v200904062259'>
      <properties size='2'>
        <property name='artifact.size' value='44210'/>
        <property name='download.size' value='44210'/>
      </properties>
    </artifact>
    <artifact classifier='osgi.bundle' id='org.eclipse.pde.junit.runtime' version='3.4.100.v20091127'>
      <properties size='2'>
        <property name='artifact.size' value='17277'/>
        <property name='download.size' value='17277'/>
      </properties>
    </artifact>
    <artifact classifier='osgi.bundle' id='org.eclipse.buckminster.cvs' version='1.1.0.r11210'>
      <properties size='2'>
        <property name='artifact.size' value='45630'/>
        <property name='download.size' value='45630'/>
      </properties>
    </artifact>
    <artifact classifier='osgi.bundle' id='org.eclipse.jdt.junit4.runtime' version='1.1.100.v20100209-0800'>
      <properties size='2'>
        <property name='artifact.size' value='17570'/>
        <property name='download.size' value='17570'/>
      </properties>
    </artifact>
    <artifact classifier='osgi.bundle' id='org.eclipse.buckminster.cmdline' version='1.0.350.r11210'>
      <properties size='2'>
        <property name='artifact.size' value='47701'/>
        <property name='download.size' value='47701'/>
      </properties>
    </artifact>
    <artifact classifier='osgi.bundle' id='org.eclipse.buckminster.runtime' version='1.2.0.r11210'>
      <properties size='2'>
        <property name='artifact.size' value='39807'/>
        <property name='download.size' value='39807'/>
      </properties>
    </artifact>
    <artifact classifier='osgi.bundle' id='org.eclipse.equinox.registry' version='3.5.0.v20091203'>
      <properties size='2'>
        <property name='artifact.size' value='182451'/>
        <property name='download.size' value='182451'/>
      </properties>
    </artifact>
    <artifact classifier='osgi.bundle' id='org.apache.commons.httpclient' version='3.1.0.v20080605-1935'>
      <properties size='2'>
        <property name='artifact.size' value='320150'/>
        <property name='download.size' value='320150'/>
      </properties>
      <repositoryProperties size='1'>
        <property name='artifact.folder' value='true'/>
      </repositoryProperties>
    </artifact>
    <artifact classifier='osgi.bundle' id='org.sat4j.core' version='2.1.1.v20090825'>
      <properties size='2'>
        <property name='artifact.size' value='180634'/>
        <property name='download.size' value='180634'/>
      </properties>
    </artifact>
    <artifact classifier='osgi.bundle' id='org.eclipse.equinox.launcher' version='1.1.0.v20100208'>
      <properties size='2'>
        <property name='artifact.size' value='46545'/>
        <property name='download.size' value='46545'/>
      </properties>
    </artifact>
    <artifact classifier='osgi.bundle' id='org.eclipse.buckminster.executor' version='1.0.0.r11210'>
      <properties size='2'>
        <property name='artifact.size' value='15383'/>
        <property name='download.size' value='15383'/>
      </properties>
    </artifact>
    <artifact classifier='osgi.bundle' id='org.eclipse.core.net.linux.x86' version='1.1.0.I20081021'>
      <properties size='2'>
        <property name='artifact.size' value='35566'/>
        <property name='download.size' value='35566'/>
      </properties>
    </artifact>
    <artifact classifier='osgi.bundle' id='org.eclipse.core.commands' version='3.6.0.I20100122-0800'>
      <properties size='2'>
        <property name='artifact.size' value='107155'/>
        <property name='download.size' value='107155'/>
      </properties>
    </artifact>
    <artifact classifier='osgi.bundle' id='org.eclipse.buckminster.junit' version='1.0.0.r11210'>
      <properties size='2'>
        <property name='artifact.size' value='18829'/>
        <property name='download.size' value='18829'/>
      </properties>
    </artifact>
    <artifact classifier='osgi.bundle' id='org.eclipse.ecf.ssl' version='1.0.0.v20100125-1515'>
      <properties size='2'>
        <property name='artifact.size' value='11551'/>
        <property name='download.size' value='11551'/>
      </properties>
    </artifact>
    <artifact classifier='osgi.bundle' id='org.eclipse.ecf.identity' version='3.1.0.v20100125-1515'>
      <properties size='2'>
        <property name='artifact.size' value='54676'/>
        <property name='download.size' value='54676'/>
      </properties>
    </artifact>
    <artifact classifier='osgi.bundle' id='org.sat4j.pb' version='2.1.1.v20090825'>
      <properties size='2'>
        <property name='artifact.size' value='110804'/>
        <property name='download.size' value='110804'/>
      </properties>
    </artifact>
    <artifact classifier='osgi.bundle' id='org.eclipse.core.filesystem.linux.x86' version='1.3.0.v20100121'>
      <properties size='2'>
        <property name='artifact.size' value='9212'/>
        <property name='download.size' value='9212'/>
      </properties>
    </artifact>
    <artifact classifier='osgi.bundle' id='org.eclipse.equinox.p2.artifact.repository' version='1.0.100.v20100208'>
      <properties size='2'>
        <property name='artifact.size' value='122248'/>
        <property name='download.size' value='122248'/>
      </properties>
    </artifact>
    <artifact classifier='osgi.bundle' id='org.eclipse.equinox.p2.director' version='1.0.100.v20100208'>
      <properties size='2'>
        <property name='artifact.size' value='88281'/>
        <property name='download.size' value='88281'/>
      </properties>
    </artifact>
    <artifact classifier='osgi.bundle' id='org.eclipse.core.runtime.compatibility.registry' version='3.3.0.v20091116'>
      <properties size='2'>
        <property name='artifact.size' value='12665'/>
        <property name='download.size' value='12787'/>
      </properties>
      <repositoryProperties size='1'>
        <property name='artifact.folder' value='true'/>
      </repositoryProperties>
    </artifact>
    <artifact classifier='osgi.bundle' id='org.eclipse.ecf.provider.filetransfer.ssl' version='1.0.0.v20100125-1515'>
      <properties size='2'>
        <property name='artifact.size' value='8462'/>
        <property name='download.size' value='8462'/>
      </properties>
    </artifact>
    <artifact classifier='osgi.bundle' id='org.eclipse.pde.build' version='3.6.0.v20100208'>
      <properties size='2'>
        <property name='artifact.size' value='504179'/>
        <property name='download.size' value='504179'/>
      </properties>
      <repositoryProperties size='1'>
        <property name='artifact.folder' value='true'/>
      </repositoryProperties>
    </artifact>
    <artifact classifier='osgi.bundle' id='org.eclipse.equinox.preferences' version='3.3.0.v20100208'>
      <properties size='2'>
        <property name='artifact.size' value='111018'/>
        <property name='download.size' value='111018'/>
      </properties>
    </artifact>
    <artifact classifier='osgi.bundle' id='org.eclipse.core.resources' version='3.6.0.v20100208'>
      <properties size='2'>
        <property name='artifact.size' value='764916'/>
        <property name='download.size' value='764916'/>
      </properties>
    </artifact>
    <artifact classifier='osgi.bundle' id='org.eclipse.update.configurator' version='3.3.100.v20090813'>
      <properties size='2'>
        <property name='artifact.size' value='98386'/>
        <property name='download.size' value='98386'/>
      </properties>
    </artifact>
    <artifact classifier='osgi.bundle' id='org.eclipse.equinox.frameworkadmin' version='1.0.200.v20100123-1019'>
      <properties size='2'>
        <property name='artifact.size' value='34769'/>
        <property name='download.size' value='34769'/>
      </properties>
    </artifact>
    <artifact classifier='osgi.bundle' id='org.eclipse.jdt.launching' version='3.5.100.v20100104'>
      <properties size='2'>
        <property name='artifact.size' value='292029'/>
        <property name='download.size' value='292029'/>
      </properties>
    </artifact>
    <artifact classifier='osgi.bundle' id='org.eclipse.equinox.p2.console' version='1.0.100.v20100208'>
      <properties size='2'>
        <property name='artifact.size' value='22586'/>
        <property name='download.size' value='22586'/>
      </properties>
    </artifact>
    <artifact classifier='osgi.bundle' id='org.eclipse.buckminster.pde' version='1.2.0.r11212'>
      <properties size='2'>
        <property name='artifact.size' value='302395'/>
        <property name='download.size' value='302395'/>
      </properties>
      <repositoryProperties size='1'>
        <property name='artifact.folder' value='true'/>
      </repositoryProperties>
    </artifact>
    <artifact classifier='osgi.bundle' id='org.eclipse.jdt.junit.core' version='3.6.0.v20100209-0800'>
      <properties size='2'>
        <property name='artifact.size' value='142084'/>
        <property name='download.size' value='142084'/>
      </properties>
    </artifact>
    <artifact classifier='osgi.bundle' id='org.eclipse.buckminster.jdt' version='1.0.0.r11210'>
      <properties size='2'>
        <property name='artifact.size' value='43625'/>
        <property name='download.size' value='43625'/>
      </properties>
      <repositoryProperties size='1'>
        <property name='artifact.folder' value='true'/>
      </repositoryProperties>
    </artifact>
    <artifact classifier='osgi.bundle' id='org.eclipse.buckminster.osgi.filter' version='1.0.0.r11210'>
      <properties size='2'>
        <property name='artifact.size' value='33440'/>
        <property name='download.size' value='33440'/>
      </properties>
    </artifact>
    <artifact classifier='osgi.bundle' id='org.eclipse.ecf.provider.filetransfer.httpclient.ssl' version='1.0.0.v20100125-1515'>
      <properties size='2'>
        <property name='artifact.size' value='16729'/>
        <property name='download.size' value='16729'/>
      </properties>
    </artifact>
    <artifact classifier='osgi.bundle' id='org.eclipse.ant.core' version='3.2.200.v20091118'>
      <properties size='2'>
        <property name='artifact.size' value='97443'/>
        <property name='download.size' value='97443'/>
      </properties>
    </artifact>
    <artifact classifier='osgi.bundle' id='org.eclipse.core.contenttype' version='3.4.100.v20091109'>
      <properties size='2'>
        <property name='artifact.size' value='91392'/>
        <property name='download.size' value='91392'/>
      </properties>
    </artifact>
    <artifact classifier='osgi.bundle' id='org.eclipse.equinox.p2.touchpoint.eclipse' version='2.0.0.v20100208'>
      <properties size='2'>
        <property name='artifact.size' value='117420'/>
        <property name='download.size' value='117420'/>
      </properties>
    </artifact>
    <artifact classifier='osgi.bundle' id='org.eclipse.jsch.core' version='1.1.100.I20100112-0800'>
      <properties size='2'>
        <property name='artifact.size' value='35322'/>
        <property name='download.size' value='35322'/>
      </properties>
    </artifact>
    <artifact classifier='osgi.bundle' id='org.eclipse.buckminster.generic' version='1.0.0.r11210'>
      <properties size='2'>
        <property name='artifact.size' value='29969'/>
        <property name='download.size' value='29969'/>
      </properties>
    </artifact>
    <artifact classifier='osgi.bundle' id='org.eclipse.jdt.core' version='3.6.0.v_A34'>
      <properties size='2'>
        <property name='artifact.size' value='4497469'/>
        <property name='download.size' value='4497469'/>
      </properties>
    </artifact>
    <artifact classifier='osgi.bundle' id='org.eclipse.core.expressions' version='3.4.100.v20091203'>
      <properties size='2'>
        <property name='artifact.size' value='86931'/>
        <property name='download.size' value='86931'/>
      </properties>
    </artifact>
    <artifact classifier='osgi.bundle' id='org.eclipse.buckminster.fetcher' version='1.0.0.r11210'>
      <properties size='2'>
        <property name='artifact.size' value='19016'/>
        <property name='download.size' value='19016'/>
      </properties>
    </artifact>
    <artifact classifier='osgi.bundle' id='org.eclipse.debug.core' version='3.6.0.v20100122'>
      <properties size='2'>
        <property name='artifact.size' value='339770'/>
        <property name='download.size' value='339770'/>
      </properties>
    </artifact>
    <artifact classifier='osgi.bundle' id='org.eclipse.equinox.ds' version='1.2.0.v20100208'>
      <properties size='2'>
        <property name='artifact.size' value='178252'/>
        <property name='download.size' value='178252'/>
      </properties>
    </artifact>
    <artifact classifier='osgi.bundle' id='org.apache.ant' version='1.7.1.v20090120-1145'>
      <properties size='2'>
        <property name='artifact.size' value='2010938'/>
        <property name='download.size' value='2011998'/>
      </properties>
      <repositoryProperties size='1'>
        <property name='artifact.folder' value='true'/>
      </repositoryProperties>
    </artifact>
    <artifact classifier='osgi.bundle' id='org.eclipse.pde.launching' version='3.6.0.v20100208-2040'>
      <properties size='2'>
        <property name='artifact.size' value='107426'/>
        <property name='download.size' value='107426'/>
      </properties>
    </artifact>
    <artifact classifier='osgi.bundle' id='org.eclipse.core.jobs' version='3.5.0.v20100208'>
      <properties size='2'>
        <property name='artifact.size' value='90679'/>
        <property name='download.size' value='90679'/>
      </properties>
    </artifact>
    <artifact classifier='osgi.bundle' id='org.eclipse.equinox.p2.ql' version='1.0.0.v20100208'>
      <properties size='2'>
        <property name='artifact.size' value='83769'/>
        <property name='download.size' value='83769'/>
      </properties>
    </artifact>
    <artifact classifier='osgi.bundle' id='com.jcraft.jsch' version='0.1.41.v200903070017'>
      <properties size='2'>
        <property name='artifact.size' value='225576'/>
        <property name='download.size' value='225576'/>
      </properties>
    </artifact>
    <artifact classifier='osgi.bundle' id='org.eclipse.ecf.provider.filetransfer.httpclient' version='4.0.0.v20100125-1515'>
      <properties size='2'>
        <property name='artifact.size' value='66773'/>
        <property name='download.size' value='66773'/>
      </properties>
    </artifact>
    <artifact classifier='osgi.bundle' id='org.eclipse.osgi.services' version='3.2.100.v20100108'>
      <properties size='2'>
        <property name='artifact.size' value='67355'/>
        <property name='download.size' value='67355'/>
      </properties>
    </artifact>
    <artifact classifier='osgi.bundle' id='org.eclipse.equinox.common' version='3.6.0.v20100208'>
      <properties size='2'>
        <property name='artifact.size' value='102535'/>
        <property name='download.size' value='102535'/>
      </properties>
    </artifact>
    <artifact classifier='osgi.bundle' id='org.eclipse.core.runtime.compatibility' version='3.2.0.v20090413'>
      <properties size='2'>
        <property name='artifact.size' value='91565'/>
        <property name='download.size' value='91565'/>
      </properties>
    </artifact>
    <artifact classifier='osgi.bundle' id='org.eclipse.osgi' version='3.6.0.v20100208'>
      <properties size='2'>
        <property name='artifact.size' value='1141739'/>
        <property name='download.size' value='1141739'/>
      </properties>
    </artifact>
    <artifact classifier='osgi.bundle' id='org.eclipse.equinox.p2.metadata' version='2.0.0.v20100208'>
      <properties size='2'>
        <property name='artifact.size' value='256277'/>
        <property name='download.size' value='256277'/>
      </properties>
    </artifact>
    <artifact classifier='osgi.bundle' id='org.eclipse.equinox.p2.publisher' version='1.1.0.v20100208'>
      <properties size='2'>
        <property name='artifact.size' value='272247'/>
        <property name='download.size' value='272247'/>
      </properties>
    </artifact>
    <artifact classifier='osgi.bundle' id='org.eclipse.equinox.p2.updatesite' version='1.0.200.v20100208'>
      <properties size='2'>
        <property name='artifact.size' value='73127'/>
        <property name='download.size' value='73127'/>
      </properties>
    </artifact>
    <artifact classifier='osgi.bundle' id='org.eclipse.equinox.simpleconfigurator.manipulator' version='1.0.200.v20100123-1019'>
      <properties size='2'>
        <property name='artifact.size' value='21753'/>
        <property name='download.size' value='21753'/>
      </properties>
    </artifact>
    <artifact classifier='osgi.bundle' id='org.eclipse.equinox.p2.garbagecollector' version='1.0.100.v20100209-0945'>
      <properties size='2'>
        <property name='artifact.size' value='23820'/>
        <property name='download.size' value='23820'/>
      </properties>
    </artifact>
    <artifact classifier='osgi.bundle' id='org.eclipse.equinox.security' version='1.0.200.v20100125'>
      <properties size='2'>
        <property name='artifact.size' value='106050'/>
        <property name='download.size' value='106050'/>
      </properties>
    </artifact>
    <artifact classifier='osgi.bundle' id='org.eclipse.team.core' version='3.5.0.I20100209-0800'>
      <properties size='2'>
        <property name='artifact.size' value='386207'/>
        <property name='download.size' value='386207'/>
      </properties>
    </artifact>
    <artifact classifier='osgi.bundle' id='org.eclipse.ecf.filetransfer' version='3.1.0.v20100125-1515'>
      <properties size='2'>
        <property name='artifact.size' value='51477'/>
        <property name='download.size' value='51477'/>
      </properties>
    </artifact>
    <artifact classifier='osgi.bundle' id='org.eclipse.core.runtime' version='3.6.0.v20091204'>
      <properties size='2'>
        <property name='artifact.size' value='70895'/>
        <property name='download.size' value='70895'/>
      </properties>
    </artifact>
    <artifact classifier='osgi.bundle' id='org.eclipse.ecf.provider.filetransfer' version='3.0.1.v20100125-1515'>
      <properties size='2'>
        <property name='artifact.size' value='122691'/>
        <property name='download.size' value='122691'/>
      </properties>
    </artifact>
    <artifact classifier='osgi.bundle' id='org.eclipse.equinox.p2.repository' version='2.0.0.v20100208'>
      <properties size='2'>
        <property name='artifact.size' value='135702'/>
        <property name='download.size' value='135702'/>
      </properties>
    </artifact>
    <artifact classifier='osgi.bundle' id='org.eclipse.core.variables' version='3.2.300.v20090911'>
      <properties size='2'>
        <property name='artifact.size' value='31776'/>
        <property name='download.size' value='31776'/>
      </properties>
    </artifact>
    <artifact classifier='osgi.bundle' id='org.eclipse.core.filebuffers' version='3.5.100.v20100209-0800'>
      <properties size='2'>
        <property name='artifact.size' value='113673'/>
        <property name='download.size' value='113673'/>
      </properties>
    </artifact>
    <artifact classifier='osgi.bundle' id='org.eclipse.buckminster.installer' version='1.1.0.r11210'>
      <properties size='2'>
        <property name='artifact.size' value='19207'/>
        <property name='download.size' value='19207'/>
      </properties>
    </artifact>
    <artifact classifier='osgi.bundle' id='org.eclipse.equinox.p2.director.app' version='1.0.200.v20100208'>
      <properties size='2'>
        <property name='artifact.size' value='51727'/>
        <property name='download.size' value='51727'/>
      </properties>
    </artifact>
    <artifact classifier='osgi.bundle' id='org.eclipse.buckminster.jarprocessor' version='1.0.0.r11210'>
      <properties size='2'>
        <property name='artifact.size' value='31806'/>
        <property name='download.size' value='31806'/>
      </properties>
    </artifact>
    <artifact classifier='osgi.bundle' id='org.eclipse.ecf' version='3.1.0.v20100125-1515'>
      <properties size='2'>
        <property name='artifact.size' value='94395'/>
        <property name='download.size' value='94395'/>
      </properties>
    </artifact>
    <artifact classifier='osgi.bundle' id='org.eclipse.equinox.launcher.gtk.linux.x86' version='1.1.0.v20100208'>
      <properties size='2'>
        <property name='artifact.size' value='69041'/>
        <property name='download.size' value='69041'/>
      </properties>
      <repositoryProperties size='1'>
        <property name='artifact.folder' value='true'/>
      </repositoryProperties>
    </artifact>
    <artifact classifier='osgi.bundle' id='org.eclipse.equinox.frameworkadmin.equinox' version='1.0.200.v20100123-1019'>
      <properties size='2'>
        <property name='artifact.size' value='61204'/>
        <property name='download.size' value='61204'/>
      </properties>
    </artifact>
    <artifact classifier='osgi.bundle' id='org.eclipse.equinox.app' version='1.3.0.v20100208'>
      <properties size='2'>
        <property name='artifact.size' value='83148'/>
        <property name='download.size' value='83148'/>
      </properties>
    </artifact>
    <artifact classifier='osgi.bundle' id='org.eclipse.equinox.p2.core' version='2.0.0.v20100123-1019'>
      <properties size='2'>
        <property name='artifact.size' value='65894'/>
        <property name='download.size' value='65894'/>
      </properties>
    </artifact>
    <artifact classifier='osgi.bundle' id='org.eclipse.text' version='3.5.0.v20100209-0800'>
      <properties size='2'>
        <property name='artifact.size' value='246992'/>
        <property name='download.size' value='246992'/>
      </properties>
    </artifact>
    <artifact classifier='osgi.bundle' id='org.junit' version='4.8.1.v4_8_1_v20100114-1600'>
      <properties size='2'>
        <property name='artifact.size' value='198154'/>
        <property name='download.size' value='198294'/>
      </properties>
      <repositoryProperties size='1'>
        <property name='artifact.folder' value='true'/>
      </repositoryProperties>
    </artifact>
    <artifact classifier='osgi.bundle' id='org.eclipse.equinox.p2.engine' version='2.0.0.v20100208'>
      <properties size='2'>
        <property name='artifact.size' value='169085'/>
        <property name='download.size' value='169085'/>
      </properties>
    </artifact>
    <artifact classifier='osgi.bundle' id='org.junit4' version='4.7.0.v20100104'>
      <properties size='2'>
        <property name='artifact.size' value='1963'/>
        <property name='download.size' value='1963'/>
      </properties>
      <repositoryProperties size='1'>
        <property name='artifact.folder' value='true'/>
      </repositoryProperties>
    </artifact>
    <artifact classifier='osgi.bundle' id='org.eclipse.buckminster.ant' version='1.2.360.r11210'>
      <properties size='2'>
        <property name='artifact.size' value='77700'/>
        <property name='download.size' value='77700'/>
      </properties>
      <repositoryProperties size='1'>
        <property name='artifact.folder' value='true'/>
      </repositoryProperties>
    </artifact>
  </artifacts>
</repository>
